Competitor Name,Type,Industry,LinkedIn Focus,Key Content Strategies,Engagement Tactics,Estimated Engagement Rate,Notable Strengths,Content Frequency,Source
SAP,Company,Enterprise Software,Product showcase & employee stories,Multi-format (video/slideshow/polls),High variety content mix,Above average,Diverse content types builds broad appeal,Daily,TopRank Marketing 2025
Amazon,Company,E-commerce/Cloud,Employee-centric storytelling,People-focused rather than product-focused,Humanizing brand through employee stories,Very High (Most followed),Emotional connection through people stories,Daily,TopRank Marketing 2025
LinkedIn Marketing Solutions,Company,B2B Marketing Platform,Educational & thought leadership,Tips and curated reposts for marketers,Practicing what they preach,High,Meta-content about LinkedIn itself,3-5x weekly,TopRank Marketing 2025
HubSpot,Company,Marketing Software,Value-driven educational content,"Blog posts, infographics, eBooks",Visually appealing content that stops scrollers,High,Resource-rich content library,Daily,LinkedIn Case Study 2025
Salesforce,Company,CRM Software,Visual engagement with CTAs,Highly visual with strong calls to action,Visual elements and strategic CTAs,Above average,Strong visual design,Daily,Brafton 2025
Neil Patel,Individual,Digital Marketing,Data-driven marketing insights,Educational content with actionable tactics,SEO and content marketing expertise,Very High,Established authority in digital marketing,3-5x weekly,Oktopost 2025
Gary Vaynerchuk,Individual,Entrepreneurship,Motivational & raw authenticity,Video-first approach with direct communication,Bold opinions and no-filter style,Very High,Authenticity and personal brand strength,Multiple daily,Oktopost 2025
John Barrows,Individual,B2B Sales,Sales training & methodology,25+ years experience sharing practical tactics,Engagement through sales community,High,Deep sales expertise,3-5x weekly,WonderWay 2025
Lori Richardson,Individual,Sales Enablement,Women in sales leadership,Founder of Score More Sales methodology,Niche community building,Medium-High,Focused on underserved segment,Weekly,WonderWay 2025
Chris Walker,Individual,B2B Marketing,Nuanced sales & marketing advice,Thought-provoking contrarian takes,Sparks debate and conversation,High,Challenges conventional wisdom,3-5x weekly,WonderWay 2025
Drift,Company,Conversational Marketing,Conversational AI showcase,Integration strategies and use cases,Product-led content with education,Medium-High,Practical implementation examples,Weekly,Search research 2025
Buffer,Company,Social Media Management,Content repurposing strategies,"Blog-to-LinkedIn content, educational",Meta-content about social media strategy,High,Transparency and data sharing,3-5x weekly,Buffer Blog 2025
Ahrefs,Company,SEO Tools,SEO education & data insights,Data-driven posts with original research,Authority through proprietary data,High,Unique data access creates value,Weekly,Search research 2025
Gong,Company,Revenue Intelligence,Sales insights & data,Proprietary sales data and trends,Data storytelling from platform,High,Unique sales intelligence data,Weekly,Search research 2025
Databox,Company,Analytics Platform,Data visualization & benchmarking,Dashboard examples and templates,Practical analytics guidance,Medium-High,Actionable analytics content,Weekly,Search research 2025
SweetFish Media,Company,B2B Podcast Agency,Thought leadership building,Podcast-to-LinkedIn content strategy,Audio content repurposing,Medium,Unique angle on content creation,Weekly,SweetFish Media 2025
Workshop Digital,Company,Digital Marketing Agency,B2B best practices,5 core LinkedIn best practices framework,Educational framework sharing,Medium-High,Systematic approach to education,Bi-weekly,Workshop Digital 2025
Impactable,Company,LinkedIn Ads Agency,Thought Leader Ads expertise,LinkedIn advertising best practices,Ad strategy education,Medium-High,Specialization in LinkedIn ads,Weekly,Impactable 2025
Trust Signals,Company,B2B Marketing,LinkedIn thought leadership guide,Comprehensive guides and frameworks,Long-form educational content,Medium,In-depth resources,Monthly,Trust Signals 2025
CXL,Company,Marketing Education,B2B marketing education,Curated lists of top marketers,Community building through curation,Medium-High,Network effect content,Weekly,CXL 2025
Exit Five,Company,B2B Marketing Community,Marketing community building,Top marketer compilations and insights,Community-driven content,High,Leverages community voices,Weekly,Exit Five 2025
Brafton,Company,Content Marketing,Content strategy examples,Case study breakdowns,Educational analysis of others,Medium-High,Meta-analysis of strategies,Bi-weekly,Brafton 2025
TopRank Marketing,Company,B2B Marketing Agency,Engagement maximization tactics,Analyzing top B2B brands,Best practice sharing,Medium-High,Research-backed recommendations,Weekly,TopRank 2025
Letterdrop,Company,Content Marketing Platform,LinkedIn hook templates,Template libraries and frameworks,Tactical templates for creators,High,Actionable resources,Weekly,Letterdrop 2025
AuthoredUp,Company,LinkedIn Optimization,Viral post analysis,Hook examples and breakdowns,Reverse engineering success,High,Data-driven post optimization,Weekly,AuthoredUp 2025
