Post ID,Hook Type,Hook Text,Content Category,Format Type,Estimated Engagement,Why It Worked,Psychological Trigger,Target Audience,Key Takeaway,Source
V001,Question,"Ever wondered why some content goes viral while others don't?",Educational,Text,High,Opens curiosity gap,Curiosity,Marketers,Hook creates knowledge gap that demands filling,Rally.Fan 2025
V002,Statistic,"Only 10% of startups make it past the first year. Here's why.",Insight,Text,High,Shocking stat + promise of explanation,Surprise + Authority,Entrepreneurs,Statistics grab attention when unexpected,Rally.Fan 2025
V003,Achievement,"Just reduced our carbon footprint by 20% in just one year. Here's how I did it:",Case Study,Text,Very High,Specific result + actionable promise,Social proof + Value,Sustainability leaders,Concrete numbers build credibility,Rally.Fan 2025
V004,Achievement,"My client just doubled their monthly recurring revenue. Here's how I helped them do it:",Case Study,Text,Very High,Quantified success + implementation promise,Aspiration + Value,SaaS founders,MRR doubling is aspirational for B2B,AuthoredUp 2025
V005,Controversial,"Forget everything you know about sales funnels because…",Opinion,Text,High,Challenges conventional wisdom,Controversy + Curiosity,Sales/Marketing pros,Pattern interruption gets attention,AuthoredUp 2025
V006,Personal Story,"I was today years old when I found out...",Story,Text,Medium-High,Relatable + humble admission,Relatability + Humor,General professional,Vulnerability creates connection,AuthoredUp 2025
V007,Bold Statement,"Here's the harsh truth about the gig economy that nobody talks about:",Opinion,Text,High,Promises contrarian insider info,Exclusivity + Truth-telling,Freelancers/contractors,Truth-claims cut through noise,AuthoredUp 2025
V008,Question,"Do you know the number one mistake most marketers make on LinkedIn?",Educational,Text,High,Targets specific pain point,Fear of missing out + Curiosity,LinkedIn marketers,Numbered claims create specificity,Letterdrop 2025
V009,Controversial,"I broke the 'golden rule' of venture capital. Here's what happened:",Story,Text,Very High,Rule-breaking + consequences revealed,Rebellion + Story arc,Startup founders,Breaking rules is inherently interesting,LinkedIn Native 2025
V010,Achievement,"This client tripled their leads in 30 days – using just one feature.",Case Study,Text,High,Dramatic result + simplicity angle,Simplification + Results,B2B marketers,Implies easy win is possible,LinkedIn Native 2025
V011,Statistic,"A staggering 90% of consumers say authenticity is key when deciding which brands they support.",Data Insight,Text,Medium-High,Large percentage validates trend,Authority + Trend validation,Brand marketers,Very high percentages feel authoritative,AuthoredUp 2025
V012,Question,"AI is reshaping industries faster than we can blink. Entrepreneurs what's your biggest fear and your greatest hope for AI in your sector?",Poll/Discussion,Interactive Poll,Very High,Timely topic + emotional duality + direct ask,Relevance + Engagement prompt,Entrepreneurs,Dual questions (fear/hope) drive comments,FemaleSwitch 2025
V013,Statistic,"Did you know that 73% of Gen Z consumers prefer brands with strong sustainability practices? Swipe to see 5 ways we're making our supply chain greener.",Data + Listicle,Carousel,High,Stat + visual format + practical tips,Education + Value,Sustainability pros,Carousels have 6.60% engagement rate,FemaleSwitch 2025
V014,Vulnerable Admission,"I failed 3 times before I succeeded. Here's what those failures taught me:",Story,Text,Very High,Failure-to-success narrative,Vulnerability + Growth,General professional,Failure stories create deep connection,MagicPost 2025
V015,How-To Promise,"5 ways to 10x your LinkedIn engagement (without posting more)",Tactical,Text/List,High,Specific number + big promise + efficiency angle,Value + Efficiency,LinkedIn creators,Promises results without more work,MagicPost 2025
V016,Contrarian Take,"Everyone says to post daily. I post twice a week and get better results. Here's my strategy:",Methodology,Text,High,Challenges best practice with proof,Contrarian + Credibility,Content creators,Going against grain gets attention,LinkedIn Native 2025
V017,Behind-the-Scenes,"We just lost our biggest client. Here's what I'm doing about it:",Transparency,Text,Very High,Radical transparency about struggle,Authenticity + Real-time,Business owners,Vulnerability in crisis is compelling,Rally.Fan 2025
V018,Pattern Recognition,"I've analyzed 1000+ LinkedIn profiles. Here are the 7 things top performers do differently:",Research Insight,Text/List,Very High,Large dataset + numbered takeaways,Authority + Specificity,LinkedIn users,Large analysis creates expertise perception,Letterdrop 2025
V019,Myth-Busting,"Most people think LinkedIn favors video. The data says otherwise:",Data Insight,Text,High,Challenges assumption with data promise,Controversy + Authority,LinkedIn marketers,Myth-busting is inherently engaging,LinkedIn Algorithm 2025
V020,Transformation Story,"From 200 followers to 20K in 6 months. Here's my exact strategy:",Case Study,Text,Very High,Dramatic growth + replicable system,Aspiration + Actionability,LinkedIn creators,100x growth stories are aspirational,AuthoredUp 2025
V021,Timely Commentary,"The [recent event] changes everything for [industry]. Here's what you need to know:",News Analysis,Text,High,Urgency + industry-specific,Timeliness + Relevance,Industry-specific,Timely commentary rides trends,Medium Insights 2025
V022,Unpopular Opinion,"Unpopular opinion: Your personal brand is hurting your business. Here's why:",Contrarian,Text,High,"'Unpopular opinion' signals controversy",Controversy + Boldness,Personal brand builders,Framing as unpopular creates interest,MagicPost 2025
V023,Tactical Template,"Here's the exact email template that gets me 70% response rates:",Resource Share,Text/Template,Very High,Specific result + copy-paste resource,Value + Ease,Sales/outreach pros,Ready-to-use resources drive saves/shares,Rally.Fan 2025
V024,Mistake Admission,"I wasted $50K on this mistake. Don't make it too:",Warning,Text,High,Costly mistake + altruism,Loss aversion + Generosity,Business owners,Big numbers and warnings grab attention,LinkedIn Native 2025
V025,Process Breakdown,"My 15-minute morning routine that 3x'd my productivity:",Lifestyle,Text/List,High,Time-bound + quantified result,Efficiency + Results,Productivity seekers,Specific time frames create credibility,FemaleSwitch 2025
V026,Before/After,"We were doing LinkedIn all wrong. Then we changed 3 things:",Transformation,Text,High,Admission + specific number of changes,Relatability + Simplicity,LinkedIn marketers,Small number of changes feels achievable,LinkedIn Native 2025
V027,Curiosity Gap,"The most successful people I know all do this one thing:",Observation,Text,Medium-High,Success association + singular focus,Aspiration + Simplicity,Ambitious professionals,Singular focus creates intrigue,MagicPost 2025
V028,Social Proof,"100+ founders asked me the same question. Here's my answer:",Expert Positioning,Text,High,Large number creates authority,Social proof + Authority,Founders,Repeated questions validate importance,Rally.Fan 2025
V029,Tactical List,"7 Chrome extensions that save me 10 hours per week:",Tool Recommendation,Text/List,High,Specific tools + time savings,Value + Practicality,Knowledge workers,Tool lists are highly shareable,LinkedIn Native 2025
V030,Future Prediction,"In 12 months [specific thing] will be standard. Here's how to prepare now:",Forecast,Text,High,Creates urgency + actionable prep,FOMO + Timeliness,Industry-specific,Predictions create urgency to act,Medium Insights 2025
